851, 82000.0, 175900.0, 0.0, 257900.0, 4590.62, 0.32, U-08-17, False, False, 1.78, 14345.6875
1996, 25200.0, 0.0, 0.0, 25200.0, 448.56, 4.33, U-06-47.1, False, False, 1.78, 103.59353348729792
1146, 50500.0, 69800.0, 0.0, 120300.0, 2141.34, 10.24, R-16-07, False, False, 1.78, 209.115234375
452, 57400.0, 261400.0, 0.0, 318800.0, 5674.64, 69.0, R-09-27, False, False, 1.78, 82.24115942028986
703, 29800.0, 118400.0, 0.0, 148200.0, 2637.96, 0.73, U-18-04, False, False, 1.78, 3613.6438356164385
26, 37700.0, 144800.0, 20000.0, 162500.0, 2892.5, 2.37, R-05-06, False, True, 1.78, 1220.464135021097
1466, 21900.0, 96600.0, 0.0, 118500.0, 2109.3, 0.23, U-09-83, False, False, 1.78, 9170.869565217392
3151, 16100.0, 0.0, 0.0, 16100.0, 286.58, 1.57, R-08-84.3, False, False, 1.78, 182.53503184713375
42, 27600.0, 67700.0, 20000.0, 75300.0, 1340.34, 0.53, U-10-73, False, True, 1.78, 2528.9433962264147
2302, 36200.0, 159200.0, 20000.0, 175400.0, 3122.12, 1.61, U-25-06.4, False, True, 1.78, 1939.2049689440992
1843, 100300.0, 423100.0, 0.0, 523400.0, 9316.52, 0.67, U-01-36, False, False, 1.78, 13905.253731343284
54, 41300.0, 17100.0, 20000.0, 38400.0, 683.52, 4.16, R-07-46, False, True, 1.78, 164.3076923076923
613, 22400.0, 114100.0, 0.0, 136500.0, 2429.7, 0.25, R-04-68, False, False, 1.78, 9718.8
3116, 59800.0, 284000.0, 20000.0, 323800.0, 5763.64, 15.75, R-14-15.2, False, True, 1.78, 365.94539682539687
71, 7600.0, 0.0, 0.0, 7600.0, 135.28, 2.0, R-01-38.02, False, False, 1.78, 67.64
74, 109500.0, 225500.0, 20000.0, 315000.0, 5607.0, 110.0, R-06-11, False, True, 1.78, 50.972727272727276
75, 44400.0, 236400.0, 0.0, 280800.0, 4998.24, 0.97, U-08-76, False, False, 1.78, 5152.8247422680415
1354, 27500.0, 31600.0, 20000.0, 39100.0, 695.98, 0.5, R-03-37, False, True, 1.78, 1391.96
461, 22900.0, 88900.0, 0.0, 111800.0, 1990.04, 0.27, U-08-66, False, False, 1.78, 7370.518518518518
1693, 35000.0, 73300.0, 20000.0, 88300.0, 1571.74, 1.0, R-10-34, False, True, 1.78, 1571.74
99, 27100.0, 106500.0, 26000.0, 107600.0, 1915.28, 0.48, U-11-46, False, True, 1.78, 3990.166666666667
3332, 19600.0, 0.0, 0.0, 19600.0, 348.88, 1.55, R-04-77.11, False, False, 1.78, 225.08387096774192
1733, 10200.0, 0.0, 0.0, 10200.0, 181.56, 0.23, U-06-23, False, False, 1.78, 789.391304347826
700, 27500.0, 81100.0, 0.0, 108600.0, 1933.08, 0.51, U-10-79, False, False, 1.78, 3790.3529411764703
1417, 43700.0, 106200.0, 0.0, 149900.0, 2668.22, 5.33, R-06-51, False, False, 1.78, 500.6041275797373
129, 36000.0, 29100.0, 0.0, 65100.0, 1158.78, 3.0, R-08-22, False, False, 1.78, 386.26
123, 33000.0, 52700.0, 0.0, 85700.0, 1525.46, 1.52, R-08-74, False, False, 1.78, 1003.5921052631579
614, 21000.0, 5000.0, 0.0, 26000.0, 462.8, 4.0, R-08-43, False, False, 1.78, 115.7
133, 119900.0, 262900.0, 20000.0, 362800.0, 6457.84, 223.0, R-13-38, True, True, 1.78, 28.958923766816145
2445, 35900.0, 56300.0, 0.0, 92200.0, 1641.16, 1.47, R-05-22.1.1, False, False, 1.78, 1116.43537414966
420, 15700.0, 0.0, 0.0, 15700.0, 279.46, 0.4, U-16-41, False, False, 1.78, 698.6499999999999
1381, 19300.0, 117400.0, 0.0, 136700.0, 2433.26, 0.14, U-08-117, False, False, 1.7800000000000002, 17380.428571428572
2333, 1900.0, 0.0, 0.0, 1900.0, 33.82, 0.25, U-22-12, False, False, 1.78, 135.28
2450, 17800.0, 0.0, 0.0, 17800.0, 316.84, 0.63, U-17-20.1, False, False, 1.78, 502.9206349206349
170, 26800.0, 122400.0, 26000.0, 123200.0, 2192.96, 0.46, U-09-88, False, True, 1.78, 4767.304347826087
864, 29700.0, 151100.0, 0.0, 180800.0, 3218.24, 1.6, U-20-08, False, False, 1.78, 2011.3999999999999
175, 23400.0, 0.0, 0.0, 23400.0, 416.52, 5.2, R-12-10, False, False, 1.78, 80.1
875, 102800.0, 415100.0, 0.0, 517900.0, 9218.62, 1.9, U-05-02, False, False, 1.78, 4851.905263157895
186, 600.0, 0.0, 0.0, 600.0, 10.68, 0.3, U-11-44, False, False, 1.78, 35.6
3307, 0.0, 11800.0, 0.0, 11800.0, 210.04, 0, R-09-04.2-ON, False, False, 1.78, 0.0
1776, 35000.0, 2400.0, 20000.0, 17400.0, 309.72, 1.0, R-05-25.42, False, True, 1.78, 309.72
2650, 78600.0, 229500.0, 20000.0, 288100.0, 5128.18, 28.24, R-03-11.2, False, True, 1.78, 181.59277620396603
3159, 15000.0, 0.0, 0.0, 15000.0, 267.0, 3.63, U-24-12.1, False, False, 1.78, 73.55371900826447
1140, 32600.0, 87800.0, 0.0, 120400.0, 2143.12, 2.79, R-07-10, False, False, 1.78, 768.1433691756272
527, 74500.0, 211400.0, 20000.0, 265900.0, 4733.02, 40.0, R-06-39, False, True, 1.7800000000000002, 118.3255
1505, 37300.0, 12500.0, 0.0, 49800.0, 886.44, 2.15, R-14-15.1, False, False, 1.78, 412.2976744186047
2021, 21300.0, 92000.0, 20000.0, 93300.0, 1660.74, 0.21, U-07-68, False, True, 1.78, 7908.285714285715
662, 42000.0, 42800.0, 0.0, 84800.0, 1509.44, 6.0, R-16-05.1, False, False, 1.78, 251.57333333333335
237, 0.0, 65500.0, 0.0, 65500.0, 1165.9, 0, U-07-40-ON1, False, False, 1.78, 0.0
1735, 101000.0, 29000.0, 0.0, 130000.0, 2314.0, 0.98, U-05-01.1, False, False, 1.78, 2361.2244897959185
258, 27600.0, 56400.0, 20000.0, 64000.0, 1139.2, 0.5, R-04-45, False, True, 1.78, 2278.4
1313, 52000.0, 138400.0, 20000.0, 170400.0, 3033.12, 9.5, R-06-01, False, True, 1.78, 319.2757894736842
2550, 2500.0, 0.0, 0.0, 2500.0, 44.5, 2.47, U-20-13.1, False, False, 1.78, 18.016194331983804
272, 35000.0, 65400.0, 20000.0, 80400.0, 1431.12, 1.0, R-01-01, False, True, 1.78, 1431.12
265, 25500.0, 78400.0, 20000.0, 83900.0, 1493.42, 0.39, U-18-13, False, True, 1.78, 3829.2820512820513
1156, 14400.0, 0.0, 0.0, 14400.0, 256.32, 0.34, U-07-69, False, False, 1.78, 753.8823529411764
288, 32000.0, 17700.0, 20000.0, 29700.0, 528.66, 1.0, R-13-18.1, False, True, 1.78, 528.66
1401, 20500.0, 0.0, 0.0, 20500.0, 364.9, 2.0, R-04-76, False, False, 1.78, 182.45
297, 80000.0, 119200.0, 0.0, 199200.0, 3545.76, 39.0, R-04-01, True, False, 1.78, 90.91692307692308
138, 27700.0, 87900.0, 0.0, 115600.0, 2057.68, 0.58, U-16-16, False, False, 1.78, 3547.7241379310344
721, 38600.0, 0.0, 0.0, 38600.0, 687.08, 2.78, R-13-43.9C, False, False, 1.78, 247.15107913669067
1464, 35800.0, 99700.0, 20000.0, 115500.0, 2055.9, 1.4, R-04-19, False, True, 1.78, 1468.5000000000002
999, 21300.0, 112600.0, 20000.0, 113900.0, 2027.42, 0.21, U-07-54, False, True, 1.78, 9654.380952380952
80, 49800.0, 39200.0, 0.0, 89000.0, 1584.2, 0.22, U-21-40, False, False, 1.78, 7200.909090909091
1922, 29500.0, 109600.0, 0.0, 139100.0, 2475.98, 1.48, U-20-25, False, False, 1.78, 1672.9594594594596
3329, 35700.0, 99100.0, 20000.0, 114800.0, 2043.44, 1.36, R-10-74.1G, False, True, 1.78, 1502.5294117647059
529, 58000.0, 191500.0, 20000.0, 229500.0, 4085.1, 14.0, R-10-81, False, True, 1.78, 291.79285714285714
151, 101700.0, 80400.0, 0.0, 182100.0, 3241.38, 1.37, U-05-05, False, False, 1.78, 2365.970802919708
337, 14000.0, 0.0, 0.0, 14000.0, 249.2, 0.32, U-18-17, False, False, 1.78, 778.75
343, 53000.0, 109000.0, 20000.0, 142000.0, 2527.6, 12.0, R-16-04, False, True, 1.78, 210.63333333333333
347, 45500.0, 105700.0, 20000.0, 131200.0, 2335.36, 6.53, U-18-20, False, True, 1.78, 357.635528330781
352, 36400.0, 14800.0, 20000.0, 31200.0, 555.36, 1.68, R-10-22.3, False, True, 1.78, 330.5714285714286
3008, 33000.0, 7400.0, 20000.0, 20400.0, 363.12, 2.49, R-11-10.7, False, True, 1.78, 145.8313253012048
365, 32000.0, 64600.0, 0.0, 96600.0, 1719.48, 1.0, R-12-02, False, False, 1.78, 1719.48
206, 24800.0, 94100.0, 20000.0, 98900.0, 1760.42, 0.36, U-10-65, False, True, 1.78, 4890.055555555556
2933, 28000.0, 130400.0, 20000.0, 138400.0, 2463.52, 0.77, R-04-77.4, False, True, 1.78, 3199.3766233766232
1203, 22600.0, 99100.0, 20000.0, 101700.0, 1810.26, 0.26, U-08-53, False, True, 1.78, 6962.538461538461
3546, 35800.0, 50000.0, 26000.0, 59800.0, 1064.44, 1.4, R-14-27.2, False, True, 1.78, 760.3142857142858
1126, 56400.0, 166700.0, 20000.0, 203100.0, 3615.18, 6.68, R-05-25.25, False, True, 1.78, 541.1946107784431
401, 20500.0, 106900.0, 20000.0, 107400.0, 1911.72, 0.18, U-08-71, False, True, 1.78, 10620.666666666668
480, 20200.0, 6500.0, 0.0, 26700.0, 475.26, 0.17, U-10-76, False, False, 1.78, 2795.6470588235293
2469, 64600.0, 31200.0, 0.0, 95800.0, 1705.24, 34.6, U-02-02, False, False, 1.78, 49.28439306358381
2110, 37000.0, 110900.0, 0.0, 147900.0, 2632.62, 2.3, R-03-11.1, False, False, 1.78, 1144.6173913043478
1153, 35800.0, 0.0, 0.0, 35800.0, 637.24, 1.4, R-13-34.3B, False, False, 1.78, 455.17142857142863
451, 32000.0, 15900.0, 0.0, 47900.0, 852.62, 1.0, R-14-31.3, False, False, 1.78, 852.62
1958, 56600.0, 104800.0, 20000.0, 141400.0, 2516.92, 1.78, R-08-82.2, False, True, 1.78, 1414.0
437, 37600.0, 7200.0, 0.0, 44800.0, 797.44, 2.29, R-04-34.3, False, False, 1.78, 348.2270742358079
442, 27600.0, 108100.0, 0.0, 135700.0, 2415.46, 0.56, U-05-18, False, False, 1.78, 4313.321428571428
887, 52600.0, 187500.0, 0.0, 240100.0, 4273.78, 2.8, R-13-20.1, False, False, 1.78, 1526.35
907, 32000.0, 73000.0, 20000.0, 85000.0, 1513.0, 0.77, U-23-08, False, True, 1.78, 1964.935064935065
2579, 32200.0, 205300.0, 20000.0, 217500.0, 3871.5, 1.1, R-03-48.7, False, True, 1.78, 3519.545454545454
2276, 65200.0, 0.0, 0.0, 65200.0, 1160.56, 54.0, R-12-04, True, False, 1.78, 21.49185185185185
2277, 32500.0, 0.0, 0.0, 32500.0, 578.5, 54.0, R-12-08, True, False, 1.78, 10.712962962962964
2067, 46200.0, 147300.0, 20000.0, 173500.0, 3088.3, 6.6, R-05-22, False, True, 1.78, 467.9242424242425
33, 40800.0, 144600.0, 20000.0, 165400.0, 2944.12, 3.9, R-05-22.3, False, True, 1.78, 754.902564102564
3224, 49000.0, 141600.0, 20000.0, 170600.0, 3036.68, 8.0, R-08-57.1, False, True, 1.78, 379.585
1055, 22100.0, 72400.0, 0.0, 94500.0, 1682.1, 0.24, U-07-65, False, False, 1.78, 7008.75
1495, 36000.0, 119100.0, 0.0, 155100.0, 2760.78, 3.0, R-16-05.2, False, False, 1.78, 920.2600000000001
514, 27800.0, 99200.0, 26000.0, 101000.0, 1797.8, 0.67, U-05-25, False, True, 1.78, 2683.283582089552
517, 36200.0, 41800.0, 20000.0, 58000.0, 1032.4, 1.6, R-05-04, False, True, 1.78, 645.25
519, 59000.0, 58000.0, 0.0, 117000.0, 2082.6, 18.0, R-05-24, False, False, 1.78, 115.69999999999999
747, 71600.0, 270700.0, 0.0, 342300.0, 6092.94, 2.1, U-01-13, False, False, 1.78, 2901.3999999999996
540, 50700.0, 0.0, 0.0, 50700.0, 902.46, 6.37, R-10-53.7, False, False, 1.78, 141.67346938775512
547, 45300.0, 16000.0, 20000.0, 41300.0, 735.14, 6.15, R-02-53.1, False, True, 1.78, 119.53495934959349
3374, 48200.0, 0.0, 0.0, 48200.0, 857.96, 27.38, R-17-01, False, False, 1.78, 31.335281227173123
2097, 19600.0, 37400.0, 0.0, 57000.0, 1014.6, 0.15, U-08-41, False, False, 1.78, 6764.0
378, 26600.0, 119100.0, 0.0, 145700.0, 2593.46, 0.45, U-01-82, False, False, 1.78, 5763.2444444444445
556, 38500.0, 110700.0, 20000.0, 129200.0, 2299.76, 2.75, R-12-13, False, True, 1.7800000000000002, 836.2763636363637
119, 29100.0, 91800.0, 0.0, 120900.0, 2152.02, 1.3, U-24-17, False, False, 1.78, 1655.3999999999999
565, 69300.0, 120100.0, 20000.0, 169400.0, 3015.32, 29.66, R-08-79, False, True, 1.78, 101.66284558327715
2591, 31400.0, 131000.0, 0.0, 162400.0, 2890.72, 0.92, R-03-48.10, False, False, 1.78, 3142.0869565217386
580, 33800.0, 105100.0, 20000.0, 118900.0, 2116.42, 1.9, R-09-09.3, False, True, 1.78, 1113.9052631578948
1599, 23800.0, 101000.0, 20000.0, 104800.0, 1865.44, 0.31, U-22-23, False, True, 1.78, 6017.548387096775
1472, 18900.0, 87200.0, 6000.0, 100100.0, 1781.78, 0.13, U-08-77, False, False, 1.78, 13706.0
3409, 27600.0, 5800.0, 0.0, 33400.0, 594.52, 7.3, R-12-24.1, False, False, 1.78, 81.44109589041096
807, 63600.0, 83700.0, 0.0, 147300.0, 2621.94, 5.31, R-13-43.9B, False, False, 1.78, 493.7740112994351
598, 19900.0, 81500.0, 26000.0, 75400.0, 1342.12, 0.16, U-07-48, False, True, 1.78, 8388.25
745, 43000.0, 89300.0, 0.0, 132300.0, 2354.94, 5.0, R-10-06, False, False, 1.78, 470.988
1811, 30600.0, 79500.0, 0.0, 110100.0, 1959.78, 0.5, R-07-22, False, False, 1.78, 3919.56
1814, 11000.0, 0.0, 0.0, 11000.0, 195.8, 2.74, R-01-13.1, False, False, 1.78, 71.45985401459853
611, 23800.0, 0.0, 0.0, 23800.0, 423.64, 5.38, R-05-25.16, False, False, 1.78, 78.74349442379182
622, 24000.0, 0.0, 0.0, 24000.0, 427.2, 5.5, R-08-50, False, False, 1.78, 77.67272727272727
625, 72000.0, 117900.0, 26000.0, 163900.0, 2917.42, 16.0, R-13-04.1, False, True, 1.78, 182.33875
141, 17800.0, 0.0, 0.0, 17800.0, 316.84, 2.4, R-10-53.1, False, False, 1.78, 132.01666666666665
632, 38600.0, 22600.0, 20000.0, 41200.0, 733.36, 13.0, R-04-23.5, False, True, 1.78, 56.41230769230769
285, 48000.0, 108500.0, 0.0, 156500.0, 2785.7, 5.5, R-08-63, False, False, 1.78, 506.49090909090904
3161, 6000.0, 0.0, 0.0, 6000.0, 106.8, 0.65, R-10-43.2, False, False, 1.78, 164.3076923076923
3167, 7900.0, 0.0, 0.0, 7900.0, 140.62, 1.19, R-10-43.8, False, False, 1.78, 118.16806722689077
645, 33000.0, 32400.0, 20000.0, 45400.0, 808.12, 0.75, R-04-11, False, True, 1.78, 1077.4933333333333
3030, 35000.0, 106300.0, 20000.0, 121300.0, 2159.14, 1.01, R-10-10.2, False, True, 1.78, 2137.762376237624
1467, 82300.0, 59500.0, 0.0, 141800.0, 2524.04, 61.6, R-01-06, False, False, 1.78, 40.974675324675324
655, 24800.0, 85200.0, 0.0, 110000.0, 1958.0, 0.36, U-01-18, False, False, 1.78, 5438.888888888889
3184, 44400.0, 175300.0, 0.0, 219700.0, 3910.66, 5.7, R-10-52.1A, False, False, 1.78, 686.0807017543859
449, 35400.0, 95400.0, 20000.0, 110800.0, 1972.24, 1.22, U-18-02, False, True, 1.78, 1616.5901639344263
3207, 10500.0, 0.0, 0.0, 10500.0, 186.9, 2.48, R-02-27.11, False, False, 1.78, 75.36290322580645
3202, 6000.0, 0.0, 0.0, 6000.0, 106.8, 0.65, R-02-27.6, False, False, 1.78, 164.3076923076923
2280, 14400.0, 0.0, 0.0, 14400.0, 256.32, 45.0, R-06-26, True, False, 1.78, 5.696
2531, 41800.0, 112300.0, 0.0, 154100.0, 2742.98, 7.55, R-16-11.1, False, False, 1.78, 363.3086092715232
673, 52600.0, 185200.0, 20000.0, 217800.0, 3876.84, 9.8, R-05-44, False, True, 1.78, 395.59591836734694
678, 17900.0, 0.0, 0.0, 17900.0, 318.62, 0.7, U-19-03.1, False, False, 1.78, 455.17142857142863
256, 19600.0, 45800.0, 20000.0, 45400.0, 808.12, 0.15, U-08-40, False, True, 1.78, 5387.466666666667
690, 22600.0, 367100.0, 20000.0, 369700.0, 6580.66, 107.0, U-20-18, False, True, 1.78, 61.5014953271028
840, 35000.0, 51400.0, 20000.0, 66400.0, 1181.92, 1.0, R-02-06, False, True, 1.78, 1181.92
3276, 21000.0, 59500.0, 20000.0, 60500.0, 1076.9, 2.0, R-06-41.7, False, True, 1.78, 538.45
2191, 27800.0, 162100.0, 0.0, 189900.0, 3380.22, 0.65, U-08-83, False, False, 1.78, 5200.338461538461
1661, 10800.0, 0.0, 0.0, 10800.0, 192.24, 0.92, R-02-08.1, False, False, 1.78, 208.95652173913044
2715, 4000.0, 0.0, 0.0, 4000.0, 71.2, 0.5, R-02-08.7, False, False, 1.78, 142.4
1159, 41000.0, 169700.0, 20000.0, 190700.0, 3394.46, 4.0, R-10-61, False, True, 1.78, 848.615
2567, 10300.0, 0.0, 0.0, 10300.0, 183.34, 1.8, U-15-02.3, False, False, 1.78, 101.85555555555555
1268, 52900.0, 0.0, 0.0, 52900.0, 941.62, 9.94, R-13-43.4, False, False, 1.78, 94.73038229376257
2260, 38000.0, 67500.0, 20000.0, 85500.0, 1521.9, 4.0, R-16-30.1, False, True, 1.78, 380.475
2728, 63500.0, 0.0, 0.0, 63500.0, 1130.3, 195.92, R-14-34.2, False, False, 1.78, 5.769191506737444
1639, 43500.0, 87200.0, 20000.0, 110700.0, 1970.46, 5.24, R-05-25.06, False, True, 1.78, 376.0419847328244
2780, 27700.0, 95200.0, 20000.0, 102900.0, 1831.62, 0.62, R-04-50.13, False, True, 1.78, 2954.2258064516127
1418, 26400.0, 139700.0, 20000.0, 146100.0, 2600.58, 0.44, U-08-106, False, True, 1.78, 5910.409090909091
1186, 19900.0, 36500.0, 20000.0, 36400.0, 647.92, 0.16, U-22-26, False, True, 1.78, 4049.4999999999995
2564, 13100.0, 0.0, 0.0, 13100.0, 233.18, 1.93, R-06-17.5, False, False, 1.78, 120.81865284974094
2068, 28100.0, 125900.0, 20000.0, 134000.0, 2385.2, 0.78, U-13-25, False, True, 1.78, 3057.948717948718
743, 22600.0, 69600.0, 0.0, 92200.0, 1641.16, 0.26, U-08-48, False, False, 1.78, 6312.153846153847
750, 37500.0, 154400.0, 26000.0, 165900.0, 2953.02, 2.27, R-03-04, False, True, 1.78, 1300.8898678414096
2439, 27700.0, 84600.0, 20000.0, 92300.0, 1642.94, 0.61, U-02-04.6, False, True, 1.78, 2693.344262295082
465, 58200.0, 190200.0, 20000.0, 228400.0, 4065.52, 14.2, R-06-23.4, False, True, 1.78, 286.30422535211267
275, 28800.0, 151600.0, 20000.0, 160400.0, 2855.12, 1.16, U-13-16, False, True, 1.78, 2461.3103448275865
2279, 17400.0, 0.0, 0.0, 17400.0, 309.72, 55.0, R-17-09, True, False, 1.78, 5.631272727272727
779, 22600.0, 96500.0, 20000.0, 99100.0, 1763.98, 0.26, U-06-45, False, True, 1.78, 6784.538461538461
2605, 54300.0, 126500.0, 20000.0, 160800.0, 2862.24, 13.32, R-07-25.3, False, True, 1.78, 214.88288288288285
633, 27100.0, 89400.0, 0.0, 116500.0, 2073.7, 0.48, U-11-41, False, False, 1.78, 4320.208333333333
824, 28500.0, 168900.0, 0.0, 197400.0, 3513.72, 1.0, U-18-26, False, False, 1.78, 3513.72
1669, 36600.0, 182200.0, 20000.0, 198800.0, 3538.64, 1.31, U-21-25, False, True, 1.78, 2701.2519083969464
3503, 59100.0, 156400.0, 0.0, 215500.0, 3835.9, 15.11, R-06-32.2, False, False, 1.78, 253.8649900727995
2105, 35800.0, 13300.0, 0.0, 49100.0, 873.98, 1.38, R-09-09.4, False, False, 1.78, 633.3188405797102
2073, 49400.0, 167800.0, 20000.0, 197200.0, 3510.16, 0.84, R-02-56, False, True, 1.78, 4178.761904761905
2399, 34700.0, 38300.0, 73000.0, 0.0, 0.0, 0.25, U-21-06, False, False, 0.0, 0.0
858, 42500.0, 99500.0, 20000.0, 122000.0, 2171.6, 4.75, R-08-88.3, False, True, 1.78, 457.178947368421
854, 42700.0, 31400.0, 26000.0, 48100.0, 856.18, 4.84, R-05-03, False, True, 1.78, 176.89669421487602
2702, 52900.0, 160300.0, 20000.0, 193200.0, 3438.96, 2.83, R-08-90.2, False, True, 1.78, 1215.1802120141342
866, 55000.0, 0.0, 0.0, 55000.0, 979.0, 41.0, R-14-11, False, False, 1.78, 23.878048780487806
1851, 107000.0, 57700.0, 0.0, 164700.0, 2931.66, 84.91, R-02-55, False, False, 1.78, 34.52667530326228
2006, 15200.0, 0.0, 0.0, 15200.0, 270.56, 1.1, R-04-25.5, False, False, 1.78, 245.96363636363634
3050, 35200.0, 116800.0, 20000.0, 132000.0, 2349.6, 1.09, R-02-55.2, False, True, 1.78, 2155.5963302752293
1581, 35400.0, 116000.0, 0.0, 151400.0, 2694.92, 1.2, R-05-14, False, False, 1.78, 2245.766666666667
732, 27700.0, 151100.0, 20000.0, 158800.0, 2826.64, 0.6, U-06-34, False, True, 1.78, 4711.066666666667
898, 102500.0, 0.0, 102500.0, 0.0, 0.0, 136.0, R-11-11, False, False, 0.0, 0.0
902, 38100.0, 0.0, 0.0, 38100.0, 678.18, 54.0, R-11-03, True, False, 1.78, 12.558888888888887
2010, 30100.0, 88300.0, 20000.0, 98400.0, 1751.52, 1.78, U-24-11, False, True, 1.78, 984.0
2718, 60100.0, 16600.0, 0.0, 76700.0, 1365.26, 43.23, R-10-90.1, False, False, 1.78, 31.581309275965765
2663, 95700.0, 86600.0, 0.0, 182300.0, 3244.94, 185.4, R-05-31.1, True, False, 1.78, 17.50237324703344
241, 21700.0, 0.0, 0.0, 21700.0, 386.26, 4.37, R-14-28.1, False, False, 1.78, 88.38901601830663
936, 24200.0, 65000.0, 26000.0, 63200.0, 1124.96, 0.33, U-01-45, False, True, 1.78, 3408.969696969697
3260, 33000.0, 0.0, 0.0, 33000.0, 587.4, 10.0, R-06-21.3, False, False, 1.78, 58.739999999999995
941, 28500.0, 1300.0, 0.0, 29800.0, 530.44, 1.0, U-09-08, False, False, 1.7800000000000002, 530.44
3461, 38900.0, 131100.0, 26000.0, 144000.0, 2563.2, 1.2, U-14-11, False, True, 1.78, 2136.0
1281, 27500.0, 109000.0, 20000.0, 116500.0, 2073.7, 0.51, U-09-50, False, True, 1.78, 4066.0784313725485
2671, 32100.0, 65700.0, 0.0, 97800.0, 1740.84, 2.06, R-11-10.6, False, False, 1.78, 845.0679611650485
953, 35500.0, 13100.0, 20000.0, 28600.0, 509.08, 6.29, R-06-49, False, True, 1.78, 80.93481717011129
958, 28900.0, 184700.0, 20000.0, 193600.0, 3446.08, 1.2, U-12-37, False, True, 1.78, 2871.7333333333336
3032, 35100.0, 45000.0, 0.0, 80100.0, 1425.78, 1.05, R-10-10.4, False, False, 1.78, 1357.8857142857141
967, 17800.0, 78500.0, 26000.0, 70300.0, 1251.34, 0.1, U-08-43, False, True, 1.78, 12513.399999999998
972, 27600.0, 86800.0, 20000.0, 94400.0, 1680.32, 0.55, U-16-14, False, True, 1.78, 3055.127272727272
1000, 100300.0, 378800.0, 0.0, 479100.0, 8527.98, 0.64, U-04-10, False, False, 1.78, 13324.968749999998
993, 35400.0, 163300.0, 0.0, 198700.0, 3536.86, 1.2, R-03-08.7, False, False, 1.78, 2947.3833333333337
1653, 44100.0, 6200.0, 0.0, 50300.0, 895.34, 0.27, U-07-28, False, False, 1.78, 3316.074074074074
3121, 16100.0, 0.0, 0.0, 16100.0, 286.58, 1.54, R-16-10.1C, False, False, 1.78, 186.09090909090907
696, 28200.0, 101100.0, 0.0, 129300.0, 2301.54, 0.86, U-11-35, False, False, 1.78, 2676.2093023255816
2629, 37800.0, 125500.0, 20000.0, 143300.0, 2550.74, 2.4, R-06-25.8, False, True, 1.78, 1062.8083333333334
1009, 46600.0, 79700.0, 20000.0, 106300.0, 1892.14, 6.8, R-04-29, False, True, 1.78, 278.25588235294117
1013, 19300.0, 106800.0, 0.0, 126100.0, 2244.58, 0.14, U-07-53, False, False, 1.78, 16032.714285714284
1361, 0.0, 18700.0, 18700.0, 0.0, 0.0, 0, None, False, True, 0.0, 0.0
1018, 57000.0, 0.0, 0.0, 57000.0, 1014.6, 45.0, R-07-36, False, False, 1.78, 22.546666666666667
2589, 32100.0, 148200.0, 20000.0, 160300.0, 2853.34, 1.03, R-03-48.8, False, True, 1.78, 2770.233009708738
3003, 4200.0, 0.0, 0.0, 4200.0, 74.76, 0.47, U-16-25.28, False, False, 1.78, 159.06382978723406
2786, 4200.0, 0.0, 0.0, 4200.0, 74.76, 0.46, U-16-25.19, False, False, 1.78, 162.52173913043478
2791, 4200.0, 0.0, 0.0, 4200.0, 74.76, 0.46, U-16-25.23, False, False, 1.78, 162.52173913043478
1402, 27500.0, 140900.0, 0.0, 168400.0, 2997.52, 0.5, U-05-41, False, False, 1.78, 5995.04
2598, 39000.0, 168400.0, 0.0, 207400.0, 3691.72, 2.98, R-13-04.3, False, False, 1.78, 1238.8322147651006
67, 36900.0, 17400.0, 0.0, 54300.0, 966.54, 1.97, R-10-22.5, False, False, 1.78, 490.6294416243655
1046, 35000.0, 125100.0, 20000.0, 140100.0, 2493.78, 1.0, R-06-27.1, False, True, 1.78, 2493.78
1049, 24400.0, 70600.0, 20000.0, 75000.0, 1335.0, 0.34, U-14-14, False, True, 1.78, 3926.4705882352937
1759, 21300.0, 74300.0, 20000.0, 75600.0, 1345.68, 0.21, U-07-30, False, True, 1.78, 6408.000000000001
1063, 28200.0, 66000.0, 20000.0, 74200.0, 1320.76, 0.84, R-04-73.1, False, True, 1.78, 1572.3333333333335
2689, 32300.0, 116800.0, 0.0, 149100.0, 2653.98, 0.67, R-16-12.1, False, False, 1.78, 3961.1641791044776
705, 65200.0, 134500.0, 0.0, 199700.0, 3554.66, 6.09, R-05-25.21, False, False, 1.78, 583.688013136289
1089, 68000.0, 233900.0, 0.0, 301900.0, 5373.82, 12.0, U-21-04, False, False, 1.78, 447.8183333333333
1054, 66500.0, 212600.0, 0.0, 279100.0, 4967.98, 24.0, R-16-02.1, False, False, 1.78, 206.99916666666664
2919, 32500.0, 299100.0, 20000.0, 311600.0, 5546.48, 2.74, R-04-72.6, False, True, 1.78, 2024.2627737226273
1117, 34000.0, 141900.0, 20000.0, 155900.0, 2775.02, 2.0, R-16-33, False, True, 1.78, 1387.51
218, 14800.0, 0.0, 0.0, 14800.0, 263.44, 0.36, U-09-14, False, False, 1.78, 731.7777777777778
3559, 33000.0, 0.0, 0.0, 33000.0, 587.4, 10.0, R-16-16.1, False, False, 1.78, 58.739999999999995
2609, 18900.0, 21300.0, 0.0, 40200.0, 715.56, 14.0, R-11-15.3, False, False, 1.78, 51.11142857142857
2637, 0.0, 10100.0, 10100.0, 0.0, 0.0, 0, None, False, True, 0.0, 0.0
3092, 0.0, 15100.0, 15100.0, 0.0, 0.0, 0, None, False, True, 0.0, 0.0
271, 0.0, 7700.0, 7700.0, 0.0, 0.0, 0, None, False, True, 0.0, 0.0
325, 28900.0, 130600.0, 20000.0, 139500.0, 2483.1, 1.18, R-09-56, False, True, 1.78, 2104.322033898305
1613, 24000.0, 0.0, 0.0, 24000.0, 427.2, 38.0, R-17-08, False, False, 1.78, 11.242105263157894
516, 20500.0, 78800.0, 20000.0, 79300.0, 1411.54, 0.18, U-09-61, False, True, 1.78, 7841.888888888889
1170, 28600.0, 121800.0, 26000.0, 124400.0, 2214.32, 0.5, R-01-09, False, True, 1.78, 4428.64
1874, 35400.0, 117000.0, 0.0, 152400.0, 2712.72, 1.2, U-25-12, False, False, 1.78, 2260.6
1211, 29300.0, 179700.0, 0.0, 209000.0, 3720.2, 1.38, R-09-57, False, False, 1.78, 2695.7971014492755
3298, 35700.0, 155700.0, 0.0, 191400.0, 3406.92, 1.33, R-08-73.1, False, False, 1.78, 2561.593984962406
3017, 37000.0, 159100.0, 20000.0, 176100.0, 3134.58, 2.0, R-07-47.2, False, True, 1.78, 1567.29
2518, 15100.0, 9700.0, 0.0, 24800.0, 441.44, 1.04, R-08-11.6, False, False, 1.78, 424.46153846153845
1195, 28200.0, 85300.0, 20000.0, 93500.0, 1664.3, 0.87, U-22-37, False, True, 1.78, 1912.9885057471263
203, 20500.0, 84400.0, 20000.0, 84900.0, 1511.22, 0.18, U-08-30, False, True, 1.78, 8395.666666666668
1502, 11600.0, 0.0, 0.0, 11600.0, 206.48, 0.6, R-12-23.1, False, False, 1.78, 344.1333333333333
1212, 28000.0, 46800.0, 20000.0, 54800.0, 975.44, 0.75, U-17-07, False, True, 1.78, 1300.5866666666668
1635, 49000.0, 86400.0, 0.0, 135400.0, 2410.12, 8.0, R-10-42.2, False, False, 1.78, 301.265
754, 11500.0, 0.0, 0.0, 11500.0, 204.7, 3.0, R-10-94, False, False, 1.78, 68.23333333333333
1224, 58700.0, 54900.0, 26000.0, 87600.0, 1559.28, 16.5, R-13-35.1, False, True, 1.78, 94.50181818181818
3013, 44900.0, 202600.0, 0.0, 247500.0, 4405.5, 5.94, R-09-39.2, False, False, 1.78, 741.6666666666666
934, 76000.0, 182100.0, 20000.0, 238100.0, 4238.18, 12.0, R-01-26.4, False, True, 1.78, 353.1816666666667
1239, 40200.0, 60700.0, 26000.0, 74900.0, 1333.22, 3.6, R-10-24.1, False, True, 1.78, 370.3388888888889
755, 37000.0, 52600.0, 0.0, 89600.0, 1594.88, 2.0, R-16-10.4, False, False, 1.78, 797.44
2553, 27500.0, 124500.0, 0.0, 152000.0, 2705.6, 0.5, R-04-54.1, False, False, 1.78, 5411.2
3181, 26800.0, 52100.0, 20000.0, 58900.0, 1048.42, 0.46, U-17-09.1, False, True, 1.78, 2279.1739130434785
2467, 45000.0, 143600.0, 20000.0, 168600.0, 3001.08, 3.98, R-07-54.1, False, True, 1.78, 754.0402010050251
2657, 4500.0, 0.0, 0.0, 4500.0, 80.1, 2.24, R-07-42-A, False, False, 1.78, 35.75892857142856
617, 11800.0, 0.0, 0.0, 11800.0, 210.04, 5.0, R-08-42.5, False, False, 1.78, 42.007999999999996
2326, 50700.0, 26400.0, 20000.0, 57100.0, 1016.38, 30.0, R-07-07.2, True, True, 1.78, 33.879333333333335
2120, 33000.0, 61000.0, 20000.0, 74000.0, 1317.2, 0.75, R-09-40, False, True, 1.78, 1756.2666666666667
1277, 14300.0, 0.0, 0.0, 14300.0, 254.54, 1.09, U-18-30.1, False, False, 1.78, 233.5229357798165
3104, 24000.0, 0.0, 0.0, 24000.0, 427.2, 8.0, R-02-11.1, False, False, 1.78, 53.4
1299, 50100.0, 119900.0, 20000.0, 150000.0, 2670.0, 15.0, R-02-46, False, True, 1.78, 178.0
2632, 0.0, 14000.0, 14000.0, 0.0, 0.0, 0, None, False, True, 0.0, 0.0
1801, 32600.0, 2200.0, 0.0, 34800.0, 619.44, 0.7, R-01-10, False, False, 1.78, 884.9142857142858
1167, 37600.0, 84600.0, 20000.0, 102200.0, 1819.16, 0.53, U-22-04, False, True, 1.78, 3432.377358490566
1765, 27500.0, 107300.0, 20000.0, 114800.0, 2043.44, 0.5, U-17-29, False, True, 1.78, 4086.88
2606, 38100.0, 54900.0, 20000.0, 73000.0, 1299.4, 2.54, R-05-03.5, False, True, 1.78, 511.57480314960634
3330, 35600.0, 86300.0, 0.0, 121900.0, 2169.82, 1.29, R-10-74.1I, False, False, 1.78, 1682.031007751938
1845, 25100.0, 133900.0, 20000.0, 139000.0, 2474.2, 0.37, U-09-55, False, True, 1.78, 6687.027027027027
3235, 30600.0, 122500.0, 0.0, 153100.0, 2725.18, 2.07, U-16-60.6, False, False, 1.78, 1316.512077294686
2697, 35400.0, 24300.0, 0.0, 59700.0, 1062.66, 1.21, R-09-04.3, False, False, 1.78, 878.2314049586778
3303, 36400.0, 105900.0, 0.0, 142300.0, 2532.94, 1.7, R-07-46.1, False, False, 1.78, 1489.964705882353
1366, 27600.0, 47900.0, 20000.0, 55500.0, 987.9, 0.5, R-07-20, False, True, 1.78, 1975.8
10, 39500.0, 179700.0, 0.0, 219200.0, 3901.76, 2.0, R-03-14.1, False, False, 1.78, 1950.88
2554, 35600.0, 14200.0, 0.0, 49800.0, 886.44, 1.3, R-13-18.7, False, False, 1.78, 681.876923076923
1384, 67700.0, 141200.0, 26000.0, 182900.0, 3255.62, 50.0, R-13-10, True, True, 1.78, 65.1124
1249, 42000.0, 213600.0, 20000.0, 235600.0, 4193.68, 4.5, R-05-25.2, False, True, 1.78, 931.928888888889
1583, 10600.0, 0.0, 0.0, 10600.0, 188.68, 0.5, R-15-07.1, False, False, 1.78, 377.36
472, 18900.0, 50000.0, 0.0, 68900.0, 1226.42, 0.13, U-08-32, False, False, 1.78, 9434.0
3083, 19300.0, 97900.0, 26000.0, 91200.0, 1623.36, 0.14, U-09-60.1, False, True, 1.78, 11595.428571428569
2707, 56700.0, 143000.0, 20000.0, 179700.0, 3198.66, 17.7, U-22-13, False, True, 1.78, 180.71525423728812
1412, 91000.0, 215000.0, 20000.0, 286000.0, 5090.8, 111.0, R-12-22, True, True, 1.78, 45.863063063063066
1657, 22600.0, 85000.0, 0.0, 107600.0, 1915.28, 0.26, U-10-84, False, False, 1.78, 7366.461538461538
1427, 35500.0, 29000.0, 0.0, 64500.0, 1148.1, 1.25, R-04-33, False, False, 1.78, 918.4799999999999
1066, 12500.0, 0.0, 0.0, 12500.0, 222.5, 15.0, R-04-98, False, False, 1.78, 14.833333333333334
1358, 24200.0, 34000.0, 20000.0, 38200.0, 679.96, 0.33, U-13-23, False, True, 1.78, 2060.4848484848485
439, 19300.0, 85900.0, 0.0, 105200.0, 1872.56, 0.14, U-09-77, False, False, 1.78, 13375.42857142857
3456, 35500.0, 171700.0, 26000.0, 181200.0, 3225.36, 0.39, U-06-05, False, True, 1.78, 8270.153846153846
1437, 40200.0, 32000.0, 20000.0, 52200.0, 929.16, 3.6, U-03-10, False, True, 1.78, 258.09999999999997
1446, 55800.0, 27300.0, 20000.0, 63100.0, 1123.18, 23.5, R-06-21.1, False, True, 1.78, 47.79489361702128
1456, 25300.0, 121600.0, 0.0, 146900.0, 2614.82, 0.38, U-08-56, False, False, 1.78, 6881.105263157895
3452, 47400.0, 232700.0, 0.0, 280100.0, 4985.78, 13.38, R-04-50.14, False, False, 1.78, 372.6292974588938
1893, 35100.0, 153400.0, 0.0, 188500.0, 3355.3, 0.55, U-19-33.1, False, False, 1.78, 6100.545454545454
382, 100.0, 0.0, 0.0, 100.0, 1.78, 0.07, U-11-56, False, False, 1.78, 25.428571428571427
1928, 27500.0, 83400.0, 26000.0, 84900.0, 1511.22, 0.5, U-17-31, False, True, 1.78, 3022.44
1482, 27800.0, 75200.0, 20000.0, 83000.0, 1477.4, 0.67, U-19-12, False, True, 1.78, 2205.0746268656717
1076, 28600.0, 110000.0, 0.0, 138600.0, 2467.08, 1.04, U-18-12, False, False, 1.78, 2372.1923076923076
1816, 83100.0, 147100.0, 0.0, 230200.0, 4097.56, 0.33, U-01-11, False, False, 1.7800000000000002, 12416.848484848486
274, 28100.0, 111200.0, 0.0, 139300.0, 2479.54, 0.79, U-07-80, False, False, 1.78, 3138.658227848101
1647, 27700.0, 118200.0, 0.0, 145900.0, 2597.02, 0.62, U-06-20, False, False, 1.78, 4188.741935483871
1413, 24600.0, 120800.0, 0.0, 145400.0, 2588.12, 0.35, U-08-88, False, False, 1.78, 7394.628571428571
3417, 9600.0, 0.0, 0.0, 9600.0, 170.88, 0.94, U-01-14.1, False, False, 1.78, 181.7872340425532
166, 1900.0, 0.0, 1900.0, 0.0, 0.0, 3.0, R-09-18.1, False, False, 0.0, 0.0
392, 67800.0, 129200.0, 20000.0, 177000.0, 3150.6, 33.6, R-14-27, True, True, 1.78, 93.76785714285714
2429, 27700.0, 104500.0, 20000.0, 112200.0, 1997.16, 0.61, U-02-04.3, False, True, 1.78, 3274.032786885246
313, 43000.0, 106700.0, 20000.0, 129700.0, 2308.66, 5.0, R-05-25.18, False, True, 1.78, 461.73199999999997
1513, 41000.0, 0.0, 0.0, 41000.0, 729.8, 17.0, R-13-05, False, False, 1.78, 42.92941176470588
966, 0.0, 18400.0, 18400.0, 0.0, 0.0, 0, None, False, True, 0.0, 0.0
954, 27700.0, 135500.0, 0.0, 163200.0, 2904.96, 0.62, U-05-58, False, False, 1.78, 4685.41935483871
1230, 0.0, 41800.0, 0.0, 41800.0, 744.04, 0, None, False, False, 1.78, 0.0
2655, 0.0, 47100.0, 0.0, 47100.0, 838.38, 0, None, False, False, 1.78, 0.0
443, 321500.0, 32500.0, 0.0, 354000.0, 6301.2, 26.0, R-03-30, False, False, 1.78, 242.35384615384615
2656, 76200.0, 211700.0, 0.0, 287900.0, 5124.62, 29.4, R-08-83, False, False, 1.78, 174.30680272108845
2529, 39200.0, 127100.0, 20000.0, 146300.0, 2604.14, 3.1, R-04-25.6, False, True, 1.78, 840.0451612903225
1523, 35000.0, 4400.0, 20000.0, 19400.0, 345.32, 2.0, R-05-01.3, False, True, 1.78, 172.66
1531, 35000.0, 63300.0, 20000.0, 78300.0, 1393.74, 1.0, R-04-44, False, True, 1.78, 1393.74
2472, 0.0, 8380.0, 0.0, 8380.0, 149.16, 0, R-04-100.1-ON, False, False, 1.7799522673031025, 0.0
466, 36800.0, 144000.0, 0.0, 180800.0, 3218.24, 0.1, U-08-99, False, False, 1.78, 32182.399999999998
1543, 11300.0, 0.0, 0.0, 11300.0, 201.14, 0.21, U-01-72, False, False, 1.78, 957.8095238095237
426, 3000.0, 0.0, 0.0, 3000.0, 53.4, 1.5, R-01-12, False, False, 1.78, 35.6
1553, 52500.0, 6400.0, 0.0, 58900.0, 1048.42, 0.17, U-08-04, False, False, 1.78, 6167.176470588235
1587, 105500.0, 388900.0, 0.0, 494400.0, 8800.32, 3.25, U-01-44, False, False, 1.78, 2707.790769230769
2380, 49700.0, 29100.0, 78800.0, 0.0, 0.0, 19.0, R-04-92, False, False, 0.0, 0.0
2388, 48000.0, 3100.0, 51100.0, 0.0, 0.0, 37.0, R-02-23, False, False, 0.0, 0.0
2184, 70500.0, 50800.0, 0.0, 121300.0, 2159.14, 1.0, U-15-06, False, False, 1.78, 2159.14
2894, 35000.0, 44100.0, 0.0, 79100.0, 1407.98, 239.0, R-01-30, False, False, 1.78, 5.891129707112971
1561, 29500.0, 146300.0, 20000.0, 155800.0, 2773.24, 2.6, U-10-66, False, True, 1.78, 1066.6307692307691
2281, 65200.0, 7200.0, 0.0, 72400.0, 1288.72, 52.0, R-01-37, True, False, 1.78, 24.783076923076923
1571, 20800.0, 73600.0, 0.0, 94400.0, 1680.32, 0.19, U-07-46, False, False, 1.78, 8843.78947368421
2247, 33000.0, 129800.0, 20000.0, 142800.0, 2541.84, 0.75, R-05-41, False, True, 1.78, 3389.1200000000003
3583, 32600.0, 176500.0, 0.0, 209100.0, 3721.98, 0.7, R-09-31.1, False, False, 1.78, 5317.114285714286
524, 13800.0, 0.0, 0.0, 13800.0, 245.64, 0.85, U-18-22, False, False, 1.78, 288.98823529411766
488, 29500.0, 64800.0, 20000.0, 74300.0, 1322.54, 1.5, U-24-15, False, True, 1.78, 881.6933333333333
340, 100300.0, 143800.0, 0.0, 244100.0, 4344.98, 0.64, U-08-14, False, False, 1.78, 6789.031249999999
338, 70800.0, 202400.0, 0.0, 273200.0, 4862.96, 1.25, U-15-06.1, False, False, 1.78, 3890.368
1618, 800.0, 0.0, 0.0, 800.0, 14.24, 1.6, R-03-28, False, False, 1.78, 8.9
1833, 35100.0, 99400.0, 0.0, 134500.0, 2394.1, 1.06, U-25-01, False, False, 1.78, 2258.584905660377
1628, 19900.0, 61400.0, 0.0, 81300.0, 1447.14, 0.16, U-09-52, False, False, 1.78, 9044.625
1940, 44800.0, 0.0, 0.0, 44800.0, 797.44, 17.76, R-04-90, False, False, 1.78, 44.9009009009009
3136, 27700.0, 217100.0, 20000.0, 224800.0, 4001.44, 0.58, R-04-77.9, False, True, 1.78, 6899.034482758621
1643, 29200.0, 87700.0, 20000.0, 96900.0, 1724.82, 1.36, U-12-32.1, False, True, 1.78, 1268.2499999999998
1840, 0.0, 12000.0, 12000.0, 0.0, 0.0, 0, R-04-104-ON, False, True, 0.0, 0.0
2810, 27000.0, 155700.0, 26000.0, 156700.0, 2789.26, 0.47, U-13-10.1, False, True, 1.78, 5934.595744680852
3236, 4600.0, 0.0, 0.0, 4600.0, 81.88, 0.61, U-16-60.7, False, False, 1.78, 134.2295081967213
3241, 5700.0, 0.0, 0.0, 5700.0, 101.46, 1.18, U-16-60.12, False, False, 1.78, 85.98305084745763
3246, 4400.0, 0.0, 0.0, 4400.0, 78.32, 0.51, U-16-60.17, False, False, 1.78, 153.5686274509804
1676, 57100.0, 126100.0, 26000.0, 157200.0, 2798.16, 45.29, R-11-02, False, True, 1.78, 61.783175093839695
3142, 34000.0, 132900.0, 0.0, 166900.0, 2970.82, 2.98, R-01-25.1A, False, False, 1.78, 996.9194630872483
1688, 27600.0, 82300.0, 26000.0, 83900.0, 1493.42, 0.54, U-16-15, False, True, 1.78, 2765.5925925925926
267, 19300.0, 123900.0, 20000.0, 123200.0, 2192.96, 0.14, U-08-116, False, True, 1.78, 15663.999999999998
1692, 54000.0, 87900.0, 20000.0, 121900.0, 2169.82, 17.0, R-05-19.2, False, True, 1.78, 127.6364705882353
2983, 6400.0, 0.0, 0.0, 6400.0, 113.92, 20.0, R-06-07.2, False, False, 1.78, 5.696
1702, 27700.0, 86100.0, 20000.0, 93800.0, 1669.64, 0.62, U-05-36, False, True, 1.78, 2692.967741935484
354, 70000.0, 192000.0, 0.0, 262000.0, 4663.6, 0.51, U-08-73, False, False, 1.78, 9144.313725490196
1710, 35100.0, 80500.0, 20000.0, 95600.0, 1701.68, 1.5, R-05-16, False, True, 1.78, 1134.4533333333334
3402, 0.0, 17400.0, 0.0, 17400.0, 309.72, 0, R-10-03.2-ON-1, False, False, 1.78, 0.0
1817, 41800.0, 259900.0, 20000.0, 281700.0, 5014.26, 4.4, U-24-02, False, True, 1.78, 1139.6045454545454
3556, 29700.0, 175100.0, 20000.0, 184800.0, 3289.44, 1.6, U-19-16.2, False, True, 1.78, 2055.9
2557, 43000.0, 174700.0, 20000.0, 197700.0, 3519.06, 5.0, R-04-23.4, False, True, 1.78, 703.812
2706, 33300.0, 27100.0, 0.0, 60400.0, 1075.12, 1.67, R-07-40.1, False, False, 1.78, 643.7844311377245
2310, 48100.0, 221400.0, 20000.0, 249500.0, 4441.1, 16.14, R-01-31, True, True, 1.78, 275.1610904584882
3020, 27000.0, 129000.0, 0.0, 156000.0, 2776.8, 0.47, U-11-12.1, False, False, 1.78, 5908.08510638298
2360, 17800.0, 0.0, 17800.0, 0.0, 0.0, 0.67, U-08-92, False, False, 0.0, 0.0
3098, 0.0, 16500.0, 0.0, 16500.0, 293.7, 0, R-05-17.1-ON, False, False, 1.78, 0.0
1751, 24600.0, 159900.0, 20000.0, 164500.0, 2928.1, 0.35, U-07-62, False, True, 1.78, 8366.0
912, 30800.0, 87900.0, 20000.0, 98700.0, 1756.86, 2.14, U-19-20, False, True, 1.78, 820.9626168224298
1750, 28500.0, 105100.0, 20000.0, 113600.0, 2022.08, 1.0, U-17-18, False, True, 1.78, 2022.08
2733, 35900.0, 31900.0, 0.0, 67800.0, 1206.84, 1.8, R-13-20.2, False, False, 1.78, 670.4666666666666
1767, 22400.0, 0.0, 0.0, 22400.0, 398.72, 5.8, R-05-46, False, False, 1.78, 68.74482758620691
994, 33400.0, 94600.0, 20000.0, 108000.0, 1922.4, 0.8, R-03-08.6, False, True, 1.78, 2403.0
1781, 35000.0, 144200.0, 26000.0, 153200.0, 2726.96, 1.2, R-06-02, False, True, 1.78, 2272.4666666666667
509, 19900.0, 64300.0, 0.0, 84200.0, 1498.76, 0.16, U-09-18, False, False, 1.78, 9367.25
121, 52400.0, 92400.0, 0.0, 144800.0, 2577.44, 4.7, R-05-18.2, False, False, 1.78, 548.3914893617022
1790, 25700.0, 105000.0, 0.0, 130700.0, 2326.46, 0.4, U-01-84, False, False, 1.78, 5816.15
2465, 76000.0, 320200.0, 396200.0, 0.0, 0.0, 6.49, U-02-02.2, False, False, 0.0, 0.0
716, 35000.0, 162600.0, 20000.0, 177600.0, 3161.28, 2.5, R-08-25, False, True, 1.78, 1264.5120000000002
2510, 0.0, 19600.0, 19600.0, 0.0, 0.0, 0, R-10-11-ON1, False, True, 0.0, 0.0
1804, 43000.0, 116600.0, 26000.0, 133600.0, 2378.08, 5.0, R-05-25.20, False, True, 1.78, 475.616
1809, 40000.0, 41500.0, 20000.0, 61500.0, 1094.7, 3.5, R-04-43.2A, False, True, 1.78, 312.7714285714286
2799, 0.0, 44300.0, 44300.0, 0.0, 0.0, 0, R-08-15.1-ON, False, False, 0.0, 0.0
1835, 30300.0, 96200.0, 20000.0, 106500.0, 1895.7, 1.9, U-18-32, False, True, 1.78, 997.7368421052632
1196, 37800.0, 83800.0, 0.0, 121600.0, 2164.48, 2.4, R-14-14, False, False, 1.78, 901.8666666666667
2559, 32500.0, 2300.0, 0.0, 34800.0, 619.44, 0.69, R-04-104.1, False, False, 1.78, 897.7391304347827
2573, 10900.0, 0.0, 0.0, 10900.0, 194.02, 0.94, R-03-48.1, False, False, 1.78, 206.40425531914894
2595, 12500.0, 0.0, 0.0, 12500.0, 222.5, 1.61, R-03-48.14, False, False, 1.78, 138.19875776397515
2818, 6300.0, 0.0, 0.0, 6300.0, 112.14, 0.26, U-10-44, False, False, 1.78, 431.3076923076923
1847, 34200.0, 155100.0, 26000.0, 163300.0, 2906.74, 2.1, R-08-20, False, True, 1.78, 1384.1619047619047
1660, 21400.0, 87200.0, 20000.0, 88600.0, 1577.08, 0.26, U-10-91, False, True, 1.78, 6065.692307692308
1312, 23100.0, 90300.0, 0.0, 113400.0, 2018.52, 0.28, U-14-08.7, False, False, 1.78, 7208.999999999999
1187, 22100.0, 92200.0, 20000.0, 94300.0, 1678.54, 0.24, U-06-25, False, True, 1.78, 6993.916666666667
778, 35800.0, 123700.0, 0.0, 159500.0, 2839.1, 3.5, R-12-19.2, False, False, 1.78, 811.1714285714286
3138, 31000.0, 127400.0, 0.0, 158400.0, 2819.52, 0.54, R-09-07.1, False, False, 1.78, 5221.333333333333
45, 28700.0, 89900.0, 20000.0, 98600.0, 1755.08, 1.1, U-14-20, False, True, 1.78, 1595.5272727272725
1213, 30800.0, 114500.0, 26000.0, 119300.0, 2123.54, 1.9, R-14-29.1, False, True, 1.78, 1117.6526315789474
1075, 25800.0, 11300.0, 20000.0, 17100.0, 304.38, 0.41, U-22-06, False, True, 1.78, 742.390243902439
2291, 29100.0, 0.0, 0.0, 29100.0, 517.98, 96.0, R-07-58.3, True, False, 1.78, 5.395625
2443, 42000.0, 93600.0, 20000.0, 115600.0, 2057.68, 4.5, R-05-23.1, False, True, 1.78, 457.2622222222222
2031, 32500.0, 151300.0, 0.0, 183800.0, 3271.64, 3.0, U-18-28, False, False, 1.78, 1090.5466666666666
2342, 106400.0, 945000.0, 0.0, 1051400.0, 18714.92, 2.51, U-08-102, False, False, 1.78, 7456.1434262948205
2319, 800.0, 0.0, 0.0, 800.0, 14.24, 0.42, U-01-16, False, False, 1.78, 33.904761904761905
1463, 19000.0, 118300.0, 20000.0, 117300.0, 2087.94, 0.36, U-16-50, False, True, 1.78, 5799.833333333334
1919, 5300.0, 0.0, 0.0, 5300.0, 94.34, 0.5, R-03-21, False, False, 1.78, 188.68
3143, 10900.0, 0.0, 0.0, 10900.0, 194.02, 2.7, R-01-25.1B, False, False, 1.78, 71.85925925925926
2478, 33700.0, 33600.0, 20000.0, 47300.0, 841.94, 1.84, R-13-15, False, True, 1.78, 457.57608695652175
652, 4000.0, 0.0, 0.0, 4000.0, 71.2, 2.0, R-01-33.2, False, False, 1.78, 35.6
2921, 29200.0, 114600.0, 0.0, 143800.0, 2559.64, 1.12, R-04-72.8, False, False, 1.78, 2285.392857142857
1950, 17000.0, 16900.0, 0.0, 33900.0, 603.42, 0.08, U-08-127, False, False, 1.78, 7542.749999999999
1098, 35300.0, 193700.0, 0.0, 229000.0, 4076.2, 1.14, R-03-14.2, False, False, 1.78, 3575.6140350877195
2613, 29600.0, 135400.0, 26000.0, 139000.0, 2474.2, 1.3, R-03-27.2, False, True, 1.78, 1903.230769230769
746, 36200.0, 128800.0, 0.0, 165000.0, 2937.0, 3.83, R-03-09, False, False, 1.78, 766.8407310704961
2435, 29000.0, 12500.0, 0.0, 41500.0, 738.7, 1.0, R-04-71, False, False, 1.78, 738.7
1966, 26200.0, 144100.0, 0.0, 170300.0, 3031.34, 0.43, U-11-53, False, False, 1.78, 7049.627906976744
1992, 72300.0, 0.0, 0.0, 72300.0, 1286.94, 70.0, U-10-41, False, False, 1.78, 18.384857142857143
2831, 2600.0, 0.0, 0.0, 2600.0, 46.28, 0.18, U-10-64, False, False, 1.78, 257.11111111111114
725, 7700.0, 0.0, 0.0, 7700.0, 137.06, 5.1, R-09-21.1, False, False, 1.78, 26.874509803921573
2473, 0.0, 14300.0, 14300.0, 0.0, 0.0, 0, None, False, True, 0.0, 0.0
2004, 114600.0, 523700.0, 20000.0, 618300.0, 11005.74, 190.5, R-10-48, True, True, 1.78, 57.77291338582677
1465, 37700.0, 172200.0, 20000.0, 189900.0, 3380.22, 1.85, U-20-27, False, True, 1.78, 1827.1459459459456
3193, 36700.0, 104900.0, 20000.0, 121600.0, 2164.48, 1.83, R-16-05.5.1, False, True, 1.78, 1182.775956284153
1370, 71000.0, 0.0, 0.0, 71000.0, 1263.8, 73.0, R-11-16, False, False, 1.78, 17.312328767123287
1866, 27100.0, 125700.0, 152800.0, 0.0, 0.0, 0.48, U-05-37, False, False, 0.0, 0.0
3131, 15100.0, 0.0, 0.0, 15100.0, 268.78, 1.03, R-10-74.1B, False, False, 1.78, 260.9514563106796
1390, 27100.0, 75000.0, 0.0, 102100.0, 1817.38, 0.5, R-02-14, False, False, 1.78, 3634.76
2492, 19000.0, 4200.0, 0.0, 23200.0, 412.96, 3.0, R-08-88.4, False, False, 1.78, 137.65333333333334
1064, 23600.0, 98200.0, 20000.0, 101800.0, 1812.04, 0.3, U-07-50, False, True, 1.78, 6040.133333333333
2036, 46600.0, 0.0, 0.0, 46600.0, 829.48, 24.28, R-13-09, False, False, 1.78, 34.16309719934102
3044, 3200.0, 2000.0, 0.0, 5200.0, 92.56, 10.02, R-06-44.1, False, False, 1.78, 9.2375249500998
229, 20800.0, 0.0, 20800.0, 0.0, 0.0, 0.06, U-08-122, False, False, 0.0, 0.0
1294, 2500.0, 0.0, 2500.0, 0.0, 0.0, 0.01, U-08-36, False, False, 0.0, 0.0
2337, 1300.0, 0.0, 1300.0, 0.0, 0.0, 0.75, R-08-04, False, False, 0.0, 0.0
2374, 20400.0, 10000.0, 30400.0, 0.0, 0.0, 1.96, U-08-67, False, False, 0.0, 0.0
40, 111300.0, 225100.0, 336400.0, 0.0, 0.0, 1.16, U-08-125, False, False, 0.0, 0.0
737, 27700.0, 95700.0, 0.0, 123400.0, 2196.52, 0.61, U-11-39, False, False, 1.78, 3600.8524590163934
2058, 10600.0, 800.0, 0.0, 11400.0, 202.92, 0.5, R-16-24, False, False, 1.78, 405.84
884, 48600.0, 91500.0, 20000.0, 120100.0, 2137.78, 4.3, R-12-16.1, False, True, 1.7800000000000002, 497.1581395348838
1960, 17500.0, 0.0, 17500.0, 0.0, 0.0, 0.5, U-07-06, False, False, 0.0, 0.0
371, 24700.0, 0.0, 0.0, 24700.0, 439.66, 35.0, R-08-86, False, False, 1.78, 12.561714285714286
579, 34500.0, 159800.0, 20000.0, 174300.0, 3102.54, 4.0, U-25-07, False, True, 1.78, 775.635
2859, 12600.0, 0.0, 0.0, 12600.0, 224.28, 0.26, U-12-25, False, False, 1.78, 862.6153846153846
2085, 26800.0, 109700.0, 24000.0, 112500.0, 2002.5, 0.46, U-13-28, False, True, 1.78, 4353.260869565217
494, 25700.0, 68200.0, 20000.0, 73900.0, 1315.42, 0.4, U-16-39, False, True, 1.78, 3288.55
1820, 18200.0, 79500.0, 0.0, 97700.0, 1739.06, 0.11, U-06-08, False, False, 1.78, 15809.636363636364
2952, 23000.0, 12700.0, 20000.0, 15700.0, 279.46, 0.47, R-03-31.1, False, True, 1.78, 594.595744680851
3549, 29000.0, 0.0, 0.0, 29000.0, 516.2, 10.0, R-09-15.1, False, False, 1.78, 51.620000000000005
1150, 69800.0, 135700.0, 20000.0, 185500.0, 3301.9, 40.5, R-06-45, False, True, 1.78, 81.5283950617284
2115, 23300.0, 7300.0, 26000.0, 4600.0, 81.88, 0.29, U-01-64, False, True, 1.78, 282.3448275862069
2978, 38500.0, 62900.0, 20000.0, 81400.0, 1448.92, 2.75, R-05-10.2, False, True, 1.78, 526.88
2128, 52000.0, 66000.0, 26000.0, 92000.0, 1637.6, 11.0, R-16-19, False, True, 1.78, 148.87272727272727
2132, 27600.0, 36000.0, 20000.0, 43600.0, 776.08, 0.5, R-11-04, False, True, 1.78, 1552.16
2077, 20500.0, 65200.0, 20000.0, 65700.0, 1169.46, 0.18, U-22-31, False, True, 1.78, 6497.0
2205, 27700.0, 73400.0, 20000.0, 81100.0, 1443.58, 0.58, U-01-23, False, True, 1.78, 2488.9310344827586
2136, 19900.0, 36300.0, 0.0, 56200.0, 1000.36, 0.16, U-08-119, False, False, 1.78, 6252.25
2148, 19000.0, 0.0, 0.0, 19000.0, 338.2, 3.0, R-07-39, False, False, 1.78, 112.73333333333333
3070, 4500.0, 0.0, 0.0, 4500.0, 80.1, 1.39, R-06-07.4A, False, False, 1.78, 57.62589928057554
3076, 5200.0, 0.0, 0.0, 5200.0, 92.56, 1.7, R-06-07.4F, False, False, 1.78, 54.44705882352942
2154, 47000.0, 126800.0, 26000.0, 147800.0, 2630.84, 7.0, R-08-47, False, True, 1.78, 375.8342857142857
2155, 38100.0, 189100.0, 0.0, 227200.0, 4044.16, 0.11, U-08-97, False, False, 1.78, 36765.090909090904
2166, 36700.0, 14900.0, 0.0, 51600.0, 918.48, 4.37, R-02-25.1, False, False, 1.78, 210.17848970251717
1567, 20800.0, 54200.0, 0.0, 75000.0, 1335.0, 0.19, U-05-60, False, False, 1.78, 7026.315789473684
2188, 28000.0, 66700.0, 20000.0, 74700.0, 1329.66, 0.5, R-11-05, False, True, 1.78, 2659.32
1656, 27800.0, 82100.0, 0.0, 109900.0, 1956.22, 0.67, U-19-10, False, False, 1.78, 2919.7313432835817
2195, 37400.0, 41100.0, 20000.0, 58500.0, 1041.3, 2.2, R-07-34, False, True, 1.78, 473.31818181818176
544, 39800.0, 31700.0, 20000.0, 51500.0, 916.7, 3.4, R-04-47, False, True, 1.78, 269.61764705882354
2211, 28700.0, 93000.0, 20000.0, 101700.0, 1810.26, 1.1, U-13-15, False, True, 1.78, 1645.690909090909
1876, 29900.0, 120100.0, 0.0, 150000.0, 2670.0, 1.72, U-12-03, False, False, 1.78, 1552.3255813953488
1746, 5900.0, 0.0, 0.0, 5900.0, 105.02, 5.9, R-10-92, False, False, 1.78, 17.799999999999997
2235, 81000.0, 208100.0, 0.0, 289100.0, 5145.98, 17.0, R-15-03, False, False, 1.78, 302.7047058823529
3081, 54600.0, 173200.0, 20000.0, 207800.0, 3698.84, 5.8, R-06-07.5B, False, True, 1.78, 637.7310344827587
191, 53800.0, 99300.0, 0.0, 153100.0, 2725.18, 12.0, R-08-65.1, False, False, 1.78, 227.09833333333333
1726, 16200.0, 0.0, 0.0, 16200.0, 288.36, 1.58, R-04-50.03, False, False, 1.78, 182.50632911392404
2735, 29800.0, 92500.0, 20000.0, 102300.0, 1820.94, 0.97, R-11-10.8, False, True, 1.78, 1877.257731958763
932, 27900.0, 189200.0, 20000.0, 197100.0, 3508.38, 0.72, U-07-02, False, True, 1.78, 4872.75